id,text_bn,category
1,"গুলশান ২তে নর্দমা বন্ধ, মারাত্মক সমস্যা হয়ে দাঁড়িয়েছে।",blocked_drain
2,পল্টনতে স্যুয়ারেজ লাইন উপচে রাস্তায় নোংরা পানি চলে এসেছে।,sewage_overflow
3,"পল্টনতে নর্দমা বন্ধ, মারাত্মক সমস্যা হয়ে দাঁড়িয়েছে।",blocked_drain
4,খিলগাঁওতে রাস্তার পাশে অবৈধভাবে ময়লা ফেলে ড্রেন নষ্ট করা হচ্ছে।,other
5,"বাসার সামনের রাস্তায় স্যুয়ারেজের পানি জমে আছে, তেজগাঁও।",sewage_overflow
6,"ধানমন্ডি ২৭তে সামান্য বৃষ্টিতেই রাস্তা ডুবে যায়, অবস্থা ভয়াবহ।",road_flooding
7,ড্রেন পরিষ্কার না করায় উত্তরা সেক্টর ৭য় পানি জমে থাকছে।,blocked_drain
8,নতুন রাস্তা নির্মাণের সময় ড্রেন ব্যবস্থা ঠিকমতো করা হয়নি লালবাগতে।,other
9,"রামপুরার নর্দমার নোংরা পানি মূল সড়কে চলে এসেছে, স্বাস্থ্য ঝুঁকি তৈরি করছে।",sewage_overflow
10,"গুলশান ২র অলিগলি সব পানির নিচে, স্কুলে যাওয়া যাচ্ছে না।",road_flooding
11,"ওয়ারীর নর্দমার নোংরা পানি মূল সড়কে চলে এসেছে, স্বাস্থ্য ঝুঁকি তৈরি করছে।",sewage_overflow
12,"বাসাবোতে পয়ঃনিষ্কাশন লাইন ফেটে ময়লা পানি জমে গেছে, ।",sewage_overflow
13,ম্যানহোল খোলা থাকায় ধানমন্ডি ২৭য় দুর্গন্ধ ও দুর্ঘটনার ঝুঁকি বেড়েছে।,open_manhole
14,রাস্তায় পানি জমে যানবাহন চলাচল বন্ধ হয়ে গেছে নিউমার্কেটতে।,road_flooding
15,মালিবাগতে স্যুয়ারেজ লাইন উপচে রাস্তায় নোংরা পানি চলে এসেছে।,sewage_overflow
16,"শান্তিনগরতে সামান্য বৃষ্টিতেই রাস্তা ডুবে যায়, অবস্থা ভয়াবহ।",road_flooding
17,"মিরপুর ১তে ম্যানহোলের ঢাকনা চুরি হয়ে গেছে, বাচ্চারা পড়ে যেতে পারে।",open_manhole
18,"কল্যাণপুরতে একটি ম্যানহোলের ঢাকনা খোলা অবস্থায় পড়ে আছে, দুর্ঘটনার আশঙ্কা।",open_manhole
19,"যাত্রাবাড়ীতে সামান্য বৃষ্টিতেই রাস্তা ডুবে যায়, খুবই খারাপ অবস্থা।",road_flooding
20,"বনানীতে সামান্য বৃষ্টিতেই রাস্তা ডুবে যায়, অবস্থা ভয়াবহ।",road_flooding
21,বৃষ্টির পর থেকে গুলশান ২য় ড্রেন আটকে থাকায় দুর্গন্ধ ছড়াচ্ছে।,blocked_drain
22,মোহাম্মদপুরর ম্যানহোল দিয়ে ময়লা পানি উপচে পড়ছে।,sewage_overflow
23,"বাসাবোতে একটি ম্যানহোলের ঢাকনা খোলা অবস্থায় পড়ে আছে, দুর্ঘটনার আশঙ্কা।",open_manhole
24,ড্রেন পরিষ্কার না করায় উত্তরা সেক্টর ৭য় পানি জমে থাকছে।,blocked_drain
25,এলাকাবাসীর পক্ষ থেকে নিউমার্কেটর ড্রেনেজ ব্যবস্থা নিয়ে একটি সাধারণ মতামত।,other
26,"কাজীপাড়ার অলিগলি সব পানির নিচে, স্কুলে যাওয়া যাচ্ছে না।",road_flooding
27,"মগবাজারর মোড়ে ম্যানহোলের ঢাকনা নেই, দ্রুত মেরামত দরকার।",open_manhole
28,"গত এক সপ্তাহ ধরে ধানমন্ডি ২৭র রাস্তায় ম্যানহোলের কভার ভাঙা, চলাচলে খুব কষ্ট হচ্ছে।",open_manhole
29,"খিলগাঁওতে পয়ঃনিষ্কাশন লাইন ফেটে ময়লা পানি জমে গেছে, খুবই খারাপ অবস্থা।",sewage_overflow
30,"তেজগাঁওতে পয়ঃনিষ্কাশন লাইন ফেটে ময়লা পানি জমে গেছে, চলাচলে খুব কষ্ট হচ্ছে।",sewage_overflow
31,গত বর্ষা মৌসুম থেকে তেজগাঁওর ম্যানহোল দিয়ে ময়লা পানি উপচে পড়ছে।,sewage_overflow
32,"মোহাম্মদপুরতে পয়ঃনিষ্কাশন লাইন ফেটে ময়লা পানি জমে গেছে, চলাচলে খুব কষ্ট হচ্ছে।",sewage_overflow
33,ওয়ারীর ড্রেনেজ ম্যাপ বা নকশা সম্পর্কে তথ্য জানতে চাই।,other
34,নতুন রাস্তা নির্মাণের সময় ড্রেন ব্যবস্থা ঠিকমতো করা হয়নি মোহাম্মদপুরতে।,other
35,কয়েক ঘণ্টা ধরে শান্তিনগরতে রাস্তা খোঁড়াখুঁড়ির পর মেরামত না করায় সমস্যা হচ্ছে।,other
36,"বনানীতে সামান্য বৃষ্টিতেই রাস্তা ডুবে যায়, সমস্যাটি জরুরি ভিত্তিতে সমাধান দরকার।",road_flooding
37,নতুন রাস্তা নির্মাণের সময় ড্রেন ব্যবস্থা ঠিকমতো করা হয়নি কল্যাণপুরতে।,other
38,"বাসাবোতে ড্রেন সম্পূর্ণ বন্ধ হয়ে আছে, পানি বের হচ্ছে না।",blocked_drain
39,"মহাখালীর অলিগলি সব পানির নিচে, স্কুলে যাওয়া যাচ্ছে না।",road_flooding
40,নতুন রাস্তা নির্মাণের সময় ড্রেন ব্যবস্থা ঠিকমতো করা হয়নি লালবাগতে।,other
41,"লালবাগর মোড়ে ম্যানহোলের ঢাকনা নেই, দ্রুত মেরামত দরকার।",open_manhole
42,বারবার অভিযোগ করার পরও রামপুরার জলাবদ্ধতা সমস্যার কোনো সমাধান হয়নি।,waterlogging_recurring
43,কাজীপাড়াতে স্যুয়ারেজ লাইন উপচে রাস্তায় নোংরা পানি চলে এসেছে।,sewage_overflow
44,ম্যানহোল খোলা থাকায় মিরপুর ১য় দুর্গন্ধ ও দুর্ঘটনার ঝুঁকি বেড়েছে।,open_manhole
45,ড্রেন পরিষ্কার না করায় লালবাগয় পানি জমে থাকছে।,blocked_drain
46,"রাস্তার মাঝখানে খোলা ম্যানহোল, রাতে দেখা যায় না, বিপজ্জনক।",open_manhole
47,"মগবাজারতে সামান্য বৃষ্টিতেই রাস্তা ডুবে যায়, ।",road_flooding
48,বারবার অভিযোগ করার পরও উত্তরা সেক্টর ৭র জলাবদ্ধতা সমস্যার কোনো সমাধান হয়নি।,waterlogging_recurring
49,ম্যানহোল খোলা থাকায় মালিবাগয় দুর্গন্ধ ও দুর্ঘটনার ঝুঁকি বেড়েছে।,open_manhole
50,ম্যানহোল খোলা থাকায় উত্তরা সেক্টর ৭য় দুর্গন্ধ ও দুর্ঘটনার ঝুঁকি বেড়েছে।,open_manhole
51,গত বর্ষা মৌসুম থেকে ওয়ারীর ম্যানহোল দিয়ে ময়লা পানি উপচে পড়ছে।,sewage_overflow
52,"শ্যামলীতে জলাবদ্ধতা দেখা দিয়েছে, অবস্থা ভয়াবহ।",road_flooding
53,"গতকাল রাত থেকে শ্যামলীর রাস্তায় ম্যানহোলের কভার ভাঙা, অবস্থা ভয়াবহ।",open_manhole
54,নতুন রাস্তা নির্মাণের সময় ড্রেন ব্যবস্থা ঠিকমতো করা হয়নি শান্তিনগরতে।,other
55,"মহাখালীতে ম্যানহোলের ঢাকনা চুরি হয়ে গেছে, বাচ্চারা পড়ে যেতে পারে।",open_manhole
56,রাস্তায় পানি জমে যানবাহন চলাচল বন্ধ হয়ে গেছে নিউমার্কেটতে।,road_flooding
57,"খিলগাঁওতে এই এলাকায় প্রতিটি বৃষ্টিতেই জলাবদ্ধতা হয়, এটা নিয়মিত সমস্যা।",waterlogging_recurring
58,"বাড্ডাতে প্রতি বছর বর্ষায় একই জায়গায় পানি জমে, স্থায়ী সমাধান দরকার।",waterlogging_recurring
59,খিলগাঁওতে স্যুয়ারেজ লাইন উপচে রাস্তায় নোংরা পানি চলে এসেছে।,sewage_overflow
60,বারবার অভিযোগ করার পরও বাসাবোর জলাবদ্ধতা সমস্যার কোনো সমাধান হয়নি।,waterlogging_recurring
61,সড়কে জলাবদ্ধতার কারণে উত্তরা সেক্টর ৭য় দোকানপাটে পানি ঢুকে গেছে।,road_flooding
62,"মহাখালীতে সামান্য বৃষ্টিতেই রাস্তা ডুবে যায়, অবস্থা ভয়াবহ।",road_flooding
63,রাস্তায় পানি জমে যানবাহন চলাচল বন্ধ হয়ে গেছে বাসাবোতে।,road_flooding
64,মিরপুর ১০র ড্রেনেজ ম্যাপ বা নকশা সম্পর্কে তথ্য জানতে চাই।,other
65,"পল্টনতে একটি ম্যানহোলের ঢাকনা খোলা অবস্থায় পড়ে আছে, দুর্ঘটনার আশঙ্কা।",open_manhole
66,কয়েক ঘণ্টা ধরে মোহাম্মদপুরতে রাস্তা খোঁড়াখুঁড়ির পর মেরামত না করায় সমস্যা হচ্ছে।,other
67,"শ্যামলীতে ড্রেন সম্পূর্ণ বন্ধ হয়ে আছে, পানি বের হচ্ছে না।",blocked_drain
68,"রাস্তার মাঝখানে খোলা ম্যানহোল, রাতে দেখা যায় না, বিপজ্জনক।",open_manhole
69,নিউমার্কেটতে স্যুয়ারেজ লাইন উপচে রাস্তায় নোংরা পানি চলে এসেছে।,sewage_overflow
70,"লালবাগতে ড্রেন সম্পূর্ণ বন্ধ হয়ে আছে, পানি বের হচ্ছে না।",blocked_drain
71,গত বর্ষা মৌসুম থেকে কল্যাণপুরতে রাস্তা খোঁড়াখুঁড়ির পর মেরামত না করায় সমস্যা হচ্ছে।,other
72,কয়েক ঘণ্টা ধরে যাত্রাবাড়ীয় ড্রেন আটকে থাকায় দুর্গন্ধ ছড়াচ্ছে।,blocked_drain
73,"মিরপুর ১০তে নর্দমা বন্ধ, অবস্থা ভয়াবহ।",blocked_drain
74,আমাদের এলাকার ড্রেনেজ লাইনে প্লাস্টিক ও আবর্জনা জমে ব্লক হয়ে গেছে।,blocked_drain
75,"রাস্তার মাঝখানে খোলা ম্যানহোল, রাতে দেখা যায় না, বিপজ্জনক।",open_manhole
76,ধানমন্ডি ২৭তে ড্রেনেজ ব্যবস্থার স্থায়ী সংস্কার ছাড়া সমস্যা কমছে না।,waterlogging_recurring
77,নতুন রাস্তা নির্মাণের সময় ড্রেন ব্যবস্থা ঠিকমতো করা হয়নি খিলগাঁওতে।,other
78,"শান্তিনগরতে সামান্য বৃষ্টিতেই রাস্তা ডুবে যায়, ।",road_flooding
79,বারবার অভিযোগ করার পরও শান্তিনগরর জলাবদ্ধতা সমস্যার কোনো সমাধান হয়নি।,waterlogging_recurring
80,স্যুয়ারেজের পানি রাস্তায় উঠে আসায় মালিবাগয় দুর্গন্ধ ছড়াচ্ছে।,sewage_overflow
81,কাজীপাড়াতে ড্রেনেজ ব্যবস্থার স্থায়ী সংস্কার ছাড়া সমস্যা কমছে না।,waterlogging_recurring
82,মিরপুর ১০তে ড্রেন নির্মাণ কাজ অর্ধেক রেখে বন্ধ হয়ে আছে।,other
83,বৃষ্টির পর থেকে মগবাজারতে রাস্তা খোঁড়াখুঁড়ির পর মেরামত না করায় সমস্যা হচ্ছে।,other
84,"লালবাগতে ম্যানহোলের ঢাকনা চুরি হয়ে গেছে, বাচ্চারা পড়ে যেতে পারে।",open_manhole
85,সড়কে জলাবদ্ধতার কারণে ওয়ারীয় দোকানপাটে পানি ঢুকে গেছে।,road_flooding
86,"উত্তরা সেক্টর ৭তে পয়ঃনিষ্কাশন লাইন ফেটে ময়লা পানি জমে গেছে, অবস্থা ভয়াবহ।",sewage_overflow
87,কাজীপাড়ার রাস্তার পাশের ড্রেনটি ময়লা আবর্জনায় ভরাট হয়ে গেছে।,blocked_drain
88,ম্যানহোল খোলা থাকায় মহাখালীয় দুর্গন্ধ ও দুর্ঘটনার ঝুঁকি বেড়েছে।,open_manhole
89,রাস্তায় পানি জমে যানবাহন চলাচল বন্ধ হয়ে গেছে উত্তরা সেক্টর ৭তে।,road_flooding
90,"যাত্রাবাড়ীতে সামান্য বৃষ্টিতেই রাস্তা ডুবে যায়, খুবই খারাপ অবস্থা।",road_flooding
91,"মহাখালীর মোড়ে ম্যানহোলের ঢাকনা নেই, দ্রুত মেরামত দরকার।",open_manhole
92,গত কয়েক বছর ধরে মগবাজারর এই পয়েন্টে পানি জমার সমস্যা চলছে।,waterlogging_recurring
93,"রামপুরার মোড়ে ম্যানহোলের ঢাকনা নেই, দ্রুত মেরামত দরকার।",open_manhole
94,"পল্টনতে সামান্য বৃষ্টিতেই রাস্তা ডুবে যায়, অবস্থা ভয়াবহ।",road_flooding
95,গত এক সপ্তাহ ধরে আগারগাঁওর ম্যানহোল দিয়ে ময়লা পানি উপচে পড়ছে।,sewage_overflow
96,"মিরপুর ১০র অলিগলি সব পানির নিচে, স্কুলে যাওয়া যাচ্ছে না।",road_flooding
97,রাস্তায় পানি জমে যানবাহন চলাচল বন্ধ হয়ে গেছে কাজীপাড়াতে।,road_flooding
98,বারবার অভিযোগ করার পরও ওয়ারীর জলাবদ্ধতা সমস্যার কোনো সমাধান হয়নি।,waterlogging_recurring
99,"প্রতি মৌসুমে গুলশান ২র একই রাস্তায় জলাবদ্ধতা দেখা দেয়, চলাচলে খুব কষ্ট হচ্ছে।",waterlogging_recurring
100,"আগারগাঁওতে সামান্য বৃষ্টিতেই রাস্তা ডুবে যায়, খুবই খারাপ অবস্থা।",road_flooding
101,মিরপুর ১তে রাস্তার পাশে অবৈধভাবে ময়লা ফেলে ড্রেন নষ্ট করা হচ্ছে।,other
102,এলাকাবাসীর পক্ষ থেকে মিরপুর ১০র ড্রেনেজ ব্যবস্থা নিয়ে একটি সাধারণ মতামত।,other
103,"মালিবাগতে ড্রেন সম্পূর্ণ বন্ধ হয়ে আছে, পানি বের হচ্ছে না।",blocked_drain
104,মহাখালীতে ড্রেনেজ ব্যবস্থার স্থায়ী সংস্কার ছাড়া সমস্যা কমছে না।,waterlogging_recurring
105,"উত্তরা সেক্টর ৭তে পয়ঃনিষ্কাশন লাইন ফেটে ময়লা পানি জমে গেছে, খুবই খারাপ অবস্থা।",sewage_overflow
106,গত কয়েক বছর ধরে বনানীর এই পয়েন্টে পানি জমার সমস্যা চলছে।,waterlogging_recurring
107,শান্তিনগরর রাস্তার পাশের ড্রেনটি ময়লা আবর্জনায় ভরাট হয়ে গেছে।,blocked_drain
108,মগবাজারতে ড্রেনেজ ব্যবস্থার স্থায়ী সংস্কার ছাড়া সমস্যা কমছে না।,waterlogging_recurring
109,ম্যানহোল খোলা থাকায় যাত্রাবাড়ীয় দুর্গন্ধ ও দুর্ঘটনার ঝুঁকি বেড়েছে।,open_manhole
110,রাস্তায় পানি জমে যানবাহন চলাচল বন্ধ হয়ে গেছে নিউমার্কেটতে।,road_flooding
111,"প্রতি মৌসুমে লালবাগর একই রাস্তায় জলাবদ্ধতা দেখা দেয়, চলাচলে খুব কষ্ট হচ্ছে।",waterlogging_recurring
112,স্যুয়ারেজের পানি রাস্তায় উঠে আসায় গুলশান ২য় দুর্গন্ধ ছড়াচ্ছে।,sewage_overflow
113,আমাদের এলাকার ড্রেনেজ লাইনে প্লাস্টিক ও আবর্জনা জমে ব্লক হয়ে গেছে।,blocked_drain
114,"প্রতি মৌসুমে নিউমার্কেটর একই রাস্তায় জলাবদ্ধতা দেখা দেয়, ।",waterlogging_recurring
115,"কয়েক ঘণ্টা ধরে মালিবাগর রাস্তায় ম্যানহোলের কভার ভাঙা, সমস্যাটি জরুরি ভিত্তিতে সমাধান দরকার।",open_manhole
116,"রাস্তার মাঝখানে খোলা ম্যানহোল, রাতে দেখা যায় না, বিপজ্জনক।",open_manhole
117,"প্রতি মৌসুমে খিলগাঁওর একই রাস্তায় জলাবদ্ধতা দেখা দেয়, ।",waterlogging_recurring
118,"আগারগাঁওতে এই এলাকায় প্রতিটি বৃষ্টিতেই জলাবদ্ধতা হয়, এটা নিয়মিত সমস্যা।",waterlogging_recurring
119,কাজীপাড়াতে ড্রেনেজ ব্যবস্থার স্থায়ী সংস্কার ছাড়া সমস্যা কমছে না।,waterlogging_recurring
120,যাত্রাবাড়ীতে ড্রেনেজ ব্যবস্থার স্থায়ী সংস্কার ছাড়া সমস্যা কমছে না।,waterlogging_recurring
121,ওয়ারীতে রাস্তার পাশে অবৈধভাবে ময়লা ফেলে ড্রেন নষ্ট করা হচ্ছে।,other
122,"মোহাম্মদপুরতে ড্রেন সম্পূর্ণ বন্ধ হয়ে আছে, পানি বের হচ্ছে না।",blocked_drain
123,গত এক সপ্তাহ ধরে উত্তরা সেক্টর ৭য় ড্রেন আটকে থাকায় দুর্গন্ধ ছড়াচ্ছে।,blocked_drain
124,"মোহাম্মদপুরতে প্রতি বছর বর্ষায় একই জায়গায় পানি জমে, স্থায়ী সমাধান দরকার।",waterlogging_recurring
125,গত এক সপ্তাহ ধরে আগারগাঁওতে রাস্তা খোঁড়াখুঁড়ির পর মেরামত না করায় সমস্যা হচ্ছে।,other
126,আগারগাঁওর রাস্তার পাশের ড্রেনটি ময়লা আবর্জনায় ভরাট হয়ে গেছে।,blocked_drain
127,বারবার অভিযোগ করার পরও মিরপুর ১র জলাবদ্ধতা সমস্যার কোনো সমাধান হয়নি।,waterlogging_recurring
128,পল্টনতে স্যুয়ারেজ লাইন উপচে রাস্তায় নোংরা পানি চলে এসেছে।,sewage_overflow
129,"উত্তরা সেক্টর ৭তে সামান্য বৃষ্টিতেই রাস্তা ডুবে যায়, মারাত্মক সমস্যা হয়ে দাঁড়িয়েছে।",road_flooding
130,বৃষ্টির পর থেকে রামপুরাতে রাস্তা খোঁড়াখুঁড়ির পর মেরামত না করায় সমস্যা হচ্ছে।,other
131,এলাকাবাসীর পক্ষ থেকে পল্টনর ড্রেনেজ ব্যবস্থা নিয়ে একটি সাধারণ মতামত।,other
132,"কাজীপাড়ার অলিগলি সব পানির নিচে, স্কুলে যাওয়া যাচ্ছে না।",road_flooding
133,যাত্রাবাড়ীতে স্যুয়ারেজ লাইন উপচে রাস্তায় নোংরা পানি চলে এসেছে।,sewage_overflow
134,"বাড্ডাতে প্রতি বছর বর্ষায় একই জায়গায় পানি জমে, স্থায়ী সমাধান দরকার।",waterlogging_recurring
135,"মালিবাগতে ম্যানহোলের ঢাকনা চুরি হয়ে গেছে, বাচ্চারা পড়ে যেতে পারে।",open_manhole
136,মহাখালীতে ড্রেনেজ ব্যবস্থার স্থায়ী সংস্কার ছাড়া সমস্যা কমছে না।,waterlogging_recurring
137,"বনানীর নর্দমার নোংরা পানি মূল সড়কে চলে এসেছে, স্বাস্থ্য ঝুঁকি তৈরি করছে।",sewage_overflow
138,"গত বর্ষা মৌসুম থেকে বাসাবোতে জলাবদ্ধতা দেখা দিয়েছে, সমস্যাটি জরুরি ভিত্তিতে সমাধান দরকার।",road_flooding
139,কয়েক ঘণ্টা ধরে কল্যাণপুরয় ড্রেন আটকে থাকায় দুর্গন্ধ ছড়াচ্ছে।,blocked_drain
140,"বনানীতে একটি ম্যানহোলের ঢাকনা খোলা অবস্থায় পড়ে আছে, দুর্ঘটনার আশঙ্কা।",open_manhole
141,ড্রেন পরিষ্কার না করায় শান্তিনগরয় পানি জমে থাকছে।,blocked_drain
142,পল্টনতে ড্রেনেজ ব্যবস্থার স্থায়ী সংস্কার ছাড়া সমস্যা কমছে না।,waterlogging_recurring
143,"ওয়ারীর মোড়ে ম্যানহোলের ঢাকনা নেই, দ্রুত মেরামত দরকার।",open_manhole
144,গত এক সপ্তাহ ধরে আগারগাঁওতে রাস্তা খোঁড়াখুঁড়ির পর মেরামত না করায় সমস্যা হচ্ছে।,other
145,"রাস্তার মাঝখানে খোলা ম্যানহোল, রাতে দেখা যায় না, বিপজ্জনক।",open_manhole
146,রাস্তায় পানি জমে যানবাহন চলাচল বন্ধ হয়ে গেছে তেজগাঁওতে।,road_flooding
147,"মোহাম্মদপুরতে ড্রেন সম্পূর্ণ বন্ধ হয়ে আছে, পানি বের হচ্ছে না।",blocked_drain
148,এলাকাবাসীর পক্ষ থেকে খিলগাঁওর ড্রেনেজ ব্যবস্থা নিয়ে একটি সাধারণ মতামত।,other
149,"মগবাজারতে ড্রেন সম্পূর্ণ বন্ধ হয়ে আছে, পানি বের হচ্ছে না।",blocked_drain
150,"বাসার সামনের রাস্তায় স্যুয়ারেজের পানি জমে আছে, শান্তিনগর।",sewage_overflow
151,উত্তরা সেক্টর ৭তে ড্রেন নির্মাণ কাজ অর্ধেক রেখে বন্ধ হয়ে আছে।,other
152,মগবাজারতে ড্রেনেজ ব্যবস্থার স্থায়ী সংস্কার ছাড়া সমস্যা কমছে না।,waterlogging_recurring
153,"নিউমার্কেটতে পয়ঃনিষ্কাশন লাইন ফেটে ময়লা পানি জমে গেছে, অবস্থা ভয়াবহ।",sewage_overflow
154,গতকাল রাত থেকে রামপুরার ম্যানহোল দিয়ে ময়লা পানি উপচে পড়ছে।,sewage_overflow
155,"কাজীপাড়াতে একটি ম্যানহোলের ঢাকনা খোলা অবস্থায় পড়ে আছে, দুর্ঘটনার আশঙ্কা।",open_manhole
156,গুলশান ২র রাস্তার পাশের ড্রেনটি ময়লা আবর্জনায় ভরাট হয়ে গেছে।,blocked_drain
157,"শ্যামলীর অলিগলি সব পানির নিচে, স্কুলে যাওয়া যাচ্ছে না।",road_flooding
158,"রাস্তার মাঝখানে খোলা ম্যানহোল, রাতে দেখা যায় না, বিপজ্জনক।",open_manhole
159,লালবাগতে ড্রেন নির্মাণ কাজ অর্ধেক রেখে বন্ধ হয়ে আছে।,other
160,বৃষ্টির পর থেকে শ্যামলীর প্রধান সড়কে হাঁটু পানি জমে গেছে।,road_flooding
161,বৃষ্টির পর থেকে রামপুরার প্রধান সড়কে হাঁটু পানি জমে গেছে।,road_flooding
162,"মগবাজারতে এই এলাকায় প্রতিটি বৃষ্টিতেই জলাবদ্ধতা হয়, এটা নিয়মিত সমস্যা।",waterlogging_recurring
163,গতকাল রাত থেকে শান্তিনগরতে রাস্তা খোঁড়াখুঁড়ির পর মেরামত না করায় সমস্যা হচ্ছে।,other
164,"শান্তিনগরতে এই এলাকায় প্রতিটি বৃষ্টিতেই জলাবদ্ধতা হয়, এটা নিয়মিত সমস্যা।",waterlogging_recurring
165,উত্তরা সেক্টর ৭তে ড্রেনেজ ব্যবস্থার স্থায়ী সংস্কার ছাড়া সমস্যা কমছে না।,waterlogging_recurring
166,"রামপুরার মোড়ে ম্যানহোলের ঢাকনা নেই, দ্রুত মেরামত দরকার।",open_manhole
167,"খিলগাঁওতে প্রতি বছর বর্ষায় একই জায়গায় পানি জমে, স্থায়ী সমাধান দরকার।",waterlogging_recurring
168,"মিরপুর ১০তে একটি ম্যানহোলের ঢাকনা খোলা অবস্থায় পড়ে আছে, দুর্ঘটনার আশঙ্কা।",open_manhole
169,মগবাজারতে স্যুয়ারেজ লাইন উপচে রাস্তায় নোংরা পানি চলে এসেছে।,sewage_overflow
170,গত কয়েক বছর ধরে আগারগাঁওর এই পয়েন্টে পানি জমার সমস্যা চলছে।,waterlogging_recurring
171,আমাদের এলাকার ড্রেনেজ লাইনে প্লাস্টিক ও আবর্জনা জমে ব্লক হয়ে গেছে।,blocked_drain
172,"লালবাগতে প্রতি বছর বর্ষায় একই জায়গায় পানি জমে, স্থায়ী সমাধান দরকার।",waterlogging_recurring
173,"আগারগাঁওতে একটি ম্যানহোলের ঢাকনা খোলা অবস্থায় পড়ে আছে, দুর্ঘটনার আশঙ্কা।",open_manhole
174,এলাকাবাসীর পক্ষ থেকে গুলশান ২র ড্রেনেজ ব্যবস্থা নিয়ে একটি সাধারণ মতামত।,other
175,"পল্টনতে সামান্য বৃষ্টিতেই রাস্তা ডুবে যায়, মারাত্মক সমস্যা হয়ে দাঁড়িয়েছে।",road_flooding
176,শান্তিনগরতে ড্রেন নির্মাণ কাজ অর্ধেক রেখে বন্ধ হয়ে আছে।,other
177,মিরপুর ১র রাস্তার পাশের ড্রেনটি ময়লা আবর্জনায় ভরাট হয়ে গেছে।,blocked_drain
178,নিউমার্কেটতে ড্রেনেজ ব্যবস্থার স্থায়ী সংস্কার ছাড়া সমস্যা কমছে না।,waterlogging_recurring
179,গতকাল রাত থেকে নিউমার্কেটয় ড্রেন আটকে থাকায় দুর্গন্ধ ছড়াচ্ছে।,blocked_drain
180,"যাত্রাবাড়ীর নর্দমার নোংরা পানি মূল সড়কে চলে এসেছে, স্বাস্থ্য ঝুঁকি তৈরি করছে।",sewage_overflow
181,"গুলশান ২তে সামান্য বৃষ্টিতেই রাস্তা ডুবে যায়, চলাচলে খুব কষ্ট হচ্ছে।",road_flooding
182,"তেজগাঁওতে প্রতি বছর বর্ষায় একই জায়গায় পানি জমে, স্থায়ী সমাধান দরকার।",waterlogging_recurring
183,গুলশান ২তে স্যুয়ারেজ লাইন উপচে রাস্তায় নোংরা পানি চলে এসেছে।,sewage_overflow
184,"মোহাম্মদপুরতে পয়ঃনিষ্কাশন লাইন ফেটে ময়লা পানি জমে গেছে, খুবই খারাপ অবস্থা।",sewage_overflow
185,কাজীপাড়াতে রাস্তার পাশে অবৈধভাবে ময়লা ফেলে ড্রেন নষ্ট করা হচ্ছে।,other
186,আগারগাঁওর রাস্তার পাশের ড্রেনটি ময়লা আবর্জনায় ভরাট হয়ে গেছে।,blocked_drain
187,স্যুয়ারেজের পানি রাস্তায় উঠে আসায় লালবাগয় দুর্গন্ধ ছড়াচ্ছে।,sewage_overflow
188,মালিবাগর ড্রেনেজ ম্যাপ বা নকশা সম্পর্কে তথ্য জানতে চাই।,other
189,নতুন রাস্তা নির্মাণের সময় ড্রেন ব্যবস্থা ঠিকমতো করা হয়নি মগবাজারতে।,other
190,বাড্ডাতে স্যুয়ারেজ লাইন উপচে রাস্তায় নোংরা পানি চলে এসেছে।,sewage_overflow
191,"গত তিন দিন ধরে শ্যামলীতে জলাবদ্ধতা দেখা দিয়েছে, অবস্থা ভয়াবহ।",road_flooding
192,এলাকাবাসীর পক্ষ থেকে মহাখালীর ড্রেনেজ ব্যবস্থা নিয়ে একটি সাধারণ মতামত।,other
193,"কল্যাণপুরতে একটি ম্যানহোলের ঢাকনা খোলা অবস্থায় পড়ে আছে, দুর্ঘটনার আশঙ্কা।",open_manhole
194,সড়কে জলাবদ্ধতার কারণে মিরপুর ১য় দোকানপাটে পানি ঢুকে গেছে।,road_flooding
195,"বৃষ্টির পর থেকে মিরপুর ১র রাস্তায় ম্যানহোলের কভার ভাঙা, অবস্থা ভয়াবহ।",open_manhole
196,মগবাজারতে রাস্তার পাশে অবৈধভাবে ময়লা ফেলে ড্রেন নষ্ট করা হচ্ছে।,other
197,"আগারগাঁওতে পয়ঃনিষ্কাশন লাইন ফেটে ময়লা পানি জমে গেছে, খুবই খারাপ অবস্থা।",sewage_overflow
198,ড্রেন পরিষ্কার না করায় বাড্ডায় পানি জমে থাকছে।,blocked_drain
199,ম্যানহোল খোলা থাকায় বাসাবোয় দুর্গন্ধ ও দুর্ঘটনার ঝুঁকি বেড়েছে।,open_manhole
200,খিলগাঁওর রাস্তার পাশের ড্রেনটি ময়লা আবর্জনায় ভরাট হয়ে গেছে।,blocked_drain
201,"আজ সকাল থেকে আগারগাঁওর রাস্তায় ম্যানহোলের কভার ভাঙা, অবস্থা ভয়াবহ।",open_manhole
202,গত এক সপ্তাহ ধরে কল্যাণপুরয় ড্রেন আটকে থাকায় দুর্গন্ধ ছড়াচ্ছে।,blocked_drain
203,"বনানীতে পয়ঃনিষ্কাশন লাইন ফেটে ময়লা পানি জমে গেছে, অবস্থা ভয়াবহ।",sewage_overflow
204,স্যুয়ারেজের পানি রাস্তায় উঠে আসায় নিউমার্কেটয় দুর্গন্ধ ছড়াচ্ছে।,sewage_overflow
205,আজ সকাল থেকে আগারগাঁওয় ড্রেন আটকে থাকায় দুর্গন্ধ ছড়াচ্ছে।,blocked_drain
206,"রাস্তার মাঝখানে খোলা ম্যানহোল, রাতে দেখা যায় না, বিপজ্জনক।",open_manhole
207,গতকাল রাত থেকে মিরপুর ১র প্রধান সড়কে হাঁটু পানি জমে গেছে।,road_flooding
208,সড়কে জলাবদ্ধতার কারণে গুলশান ২য় দোকানপাটে পানি ঢুকে গেছে।,road_flooding
209,রাস্তায় পানি জমে যানবাহন চলাচল বন্ধ হয়ে গেছে লালবাগতে।,road_flooding
210,খিলগাঁওর ম্যানহোল দিয়ে ময়লা পানি উপচে পড়ছে।,sewage_overflow
211,কল্যাণপুরতে ড্রেন নির্মাণ কাজ অর্ধেক রেখে বন্ধ হয়ে আছে।,other
212,"আগারগাঁওর নর্দমার নোংরা পানি মূল সড়কে চলে এসেছে, স্বাস্থ্য ঝুঁকি তৈরি করছে।",sewage_overflow
213,"শান্তিনগরতে ম্যানহোলের ঢাকনা চুরি হয়ে গেছে, বাচ্চারা পড়ে যেতে পারে।",open_manhole
214,আমাদের এলাকার ড্রেনেজ লাইনে প্লাস্টিক ও আবর্জনা জমে ব্লক হয়ে গেছে।,blocked_drain
215,ধানমন্ডি ২৭র রাস্তার পাশের ড্রেনটি ময়লা আবর্জনায় ভরাট হয়ে গেছে।,blocked_drain
216,"বাসাবোর নর্দমার নোংরা পানি মূল সড়কে চলে এসেছে, স্বাস্থ্য ঝুঁকি তৈরি করছে।",sewage_overflow
217,যাত্রাবাড়ীতে রাস্তার পাশে অবৈধভাবে ময়লা ফেলে ড্রেন নষ্ট করা হচ্ছে।,other
218,"বাসাবোর অলিগলি সব পানির নিচে, স্কুলে যাওয়া যাচ্ছে না।",road_flooding
219,"প্রতি মৌসুমে মালিবাগর একই রাস্তায় জলাবদ্ধতা দেখা দেয়, ।",waterlogging_recurring
220,লালবাগর ড্রেনেজ ম্যাপ বা নকশা সম্পর্কে তথ্য জানতে চাই।,other
221,"বৃষ্টির পর থেকে কাজীপাড়ার রাস্তায় ম্যানহোলের কভার ভাঙা, মারাত্মক সমস্যা হয়ে দাঁড়িয়েছে।",open_manhole
222,"কয়েক ঘণ্টা ধরে রামপুরার রাস্তায় ম্যানহোলের কভার ভাঙা, খুবই খারাপ অবস্থা।",open_manhole
223,"যাত্রাবাড়ীতে ম্যানহোলের ঢাকনা চুরি হয়ে গেছে, বাচ্চারা পড়ে যেতে পারে।",open_manhole
224,"বনানীতে প্রতি বছর বর্ষায় একই জায়গায় পানি জমে, স্থায়ী সমাধান দরকার।",waterlogging_recurring
225,"শ্যামলীতে পয়ঃনিষ্কাশন লাইন ফেটে ময়লা পানি জমে গেছে, অবস্থা ভয়াবহ।",sewage_overflow
226,গত কয়েক বছর ধরে মালিবাগর এই পয়েন্টে পানি জমার সমস্যা চলছে।,waterlogging_recurring
227,মিরপুর ১০র রাস্তার পাশের ড্রেনটি ময়লা আবর্জনায় ভরাট হয়ে গেছে।,blocked_drain
228,"তেজগাঁওতে ম্যানহোলের ঢাকনা চুরি হয়ে গেছে, বাচ্চারা পড়ে যেতে পারে।",open_manhole
229,মোহাম্মদপুরর রাস্তার পাশের ড্রেনটি ময়লা আবর্জনায় ভরাট হয়ে গেছে।,blocked_drain
230,কয়েক ঘণ্টা ধরে খিলগাঁওয় ড্রেন আটকে থাকায় দুর্গন্ধ ছড়াচ্ছে।,blocked_drain
231,স্যুয়ারেজের পানি রাস্তায় উঠে আসায় কল্যাণপুরয় দুর্গন্ধ ছড়াচ্ছে।,sewage_overflow
232,"খিলগাঁওতে সামান্য বৃষ্টিতেই রাস্তা ডুবে যায়, ।",road_flooding
233,"মহাখালীর মোড়ে ম্যানহোলের ঢাকনা নেই, দ্রুত মেরামত দরকার।",open_manhole
234,"বাসাবোতে ড্রেন সম্পূর্ণ বন্ধ হয়ে আছে, পানি বের হচ্ছে না।",blocked_drain
235,ড্রেন পরিষ্কার না করায় গুলশান ২য় পানি জমে থাকছে।,blocked_drain
236,এলাকাবাসীর পক্ষ থেকে মিরপুর ১র ড্রেনেজ ব্যবস্থা নিয়ে একটি সাধারণ মতামত।,other
237,"শান্তিনগরর অলিগলি সব পানির নিচে, স্কুলে যাওয়া যাচ্ছে না।",road_flooding
238,"মিরপুর ১র অলিগলি সব পানির নিচে, স্কুলে যাওয়া যাচ্ছে না।",road_flooding
239,বাসাবোতে স্যুয়ারেজ লাইন উপচে রাস্তায় নোংরা পানি চলে এসেছে।,sewage_overflow
240,"কয়েক ঘণ্টা ধরে রামপুরাতে জলাবদ্ধতা দেখা দিয়েছে, চলাচলে খুব কষ্ট হচ্ছে।",road_flooding
241,গুলশান ২তে স্যুয়ারেজ লাইন উপচে রাস্তায় নোংরা পানি চলে এসেছে।,sewage_overflow
242,বাসাবোতে স্যুয়ারেজ লাইন উপচে রাস্তায় নোংরা পানি চলে এসেছে।,sewage_overflow
243,স্যুয়ারেজের পানি রাস্তায় উঠে আসায় মিরপুর ১য় দুর্গন্ধ ছড়াচ্ছে।,sewage_overflow
244,"মহাখালীতে নর্দমা বন্ধ, চলাচলে খুব কষ্ট হচ্ছে।",blocked_drain
245,"লালবাগতে পয়ঃনিষ্কাশন লাইন ফেটে ময়লা পানি জমে গেছে, চলাচলে খুব কষ্ট হচ্ছে।",sewage_overflow
246,"গত এক সপ্তাহ ধরে তেজগাঁওর রাস্তায় ম্যানহোলের কভার ভাঙা, মারাত্মক সমস্যা হয়ে দাঁড়িয়েছে।",open_manhole
247,যাত্রাবাড়ীর রাস্তার পাশের ড্রেনটি ময়লা আবর্জনায় ভরাট হয়ে গেছে।,blocked_drain
248,সড়কে জলাবদ্ধতার কারণে মিরপুর ১০য় দোকানপাটে পানি ঢুকে গেছে।,road_flooding
249,বারবার অভিযোগ করার পরও নিউমার্কেটর জলাবদ্ধতা সমস্যার কোনো সমাধান হয়নি।,waterlogging_recurring
250,মোহাম্মদপুরর ড্রেনেজ ম্যাপ বা নকশা সম্পর্কে তথ্য জানতে চাই।,other
251,"গত বর্ষা মৌসুম থেকে বাড্ডার রাস্তায় ম্যানহোলের কভার ভাঙা, অবস্থা ভয়াবহ।",open_manhole
252,"আজ সকাল থেকে কাজীপাড়ার রাস্তায় ম্যানহোলের কভার ভাঙা, চলাচলে খুব কষ্ট হচ্ছে।",open_manhole
253,"কল্যাণপুরতে ম্যানহোলের ঢাকনা চুরি হয়ে গেছে, বাচ্চারা পড়ে যেতে পারে।",open_manhole
254,"মহাখালীর অলিগলি সব পানির নিচে, স্কুলে যাওয়া যাচ্ছে না।",road_flooding
255,"মোহাম্মদপুরর অলিগলি সব পানির নিচে, স্কুলে যাওয়া যাচ্ছে না।",road_flooding
256,বারবার অভিযোগ করার পরও মগবাজারর জলাবদ্ধতা সমস্যার কোনো সমাধান হয়নি।,waterlogging_recurring
257,গত কয়েক বছর ধরে গুলশান ২র এই পয়েন্টে পানি জমার সমস্যা চলছে।,waterlogging_recurring
258,বাসাবোতে স্যুয়ারেজ লাইন উপচে রাস্তায় নোংরা পানি চলে এসেছে।,sewage_overflow
259,গত তিন দিন ধরে নিউমার্কেটয় ড্রেন আটকে থাকায় দুর্গন্ধ ছড়াচ্ছে।,blocked_drain
260,ড্রেন পরিষ্কার না করায় বনানীয় পানি জমে থাকছে।,blocked_drain
261,"বাসার সামনের রাস্তায় স্যুয়ারেজের পানি জমে আছে, যাত্রাবাড়ী।",sewage_overflow
262,খিলগাঁওতে রাস্তার পাশে অবৈধভাবে ময়লা ফেলে ড্রেন নষ্ট করা হচ্ছে।,other
263,বৃষ্টির পর থেকে ধানমন্ডি ২৭তে রাস্তা খোঁড়াখুঁড়ির পর মেরামত না করায় সমস্যা হচ্ছে।,other
264,গত তিন দিন ধরে উত্তরা সেক্টর ৭তে রাস্তা খোঁড়াখুঁড়ির পর মেরামত না করায় সমস্যা হচ্ছে।,other
265,"গত তিন দিন ধরে মহাখালীতে জলাবদ্ধতা দেখা দিয়েছে, অবস্থা ভয়াবহ।",road_flooding
266,এলাকাবাসীর পক্ষ থেকে তেজগাঁওর ড্রেনেজ ব্যবস্থা নিয়ে একটি সাধারণ মতামত।,other
267,মগবাজারতে ড্রেনেজ ব্যবস্থার স্থায়ী সংস্কার ছাড়া সমস্যা কমছে না।,waterlogging_recurring
268,"ওয়ারীতে একটি ম্যানহোলের ঢাকনা খোলা অবস্থায় পড়ে আছে, দুর্ঘটনার আশঙ্কা।",open_manhole
269,"মিরপুর ১০তে সামান্য বৃষ্টিতেই রাস্তা ডুবে যায়, মারাত্মক সমস্যা হয়ে দাঁড়িয়েছে।",road_flooding
270,খিলগাঁওর ড্রেনেজ ম্যাপ বা নকশা সম্পর্কে তথ্য জানতে চাই।,other
271,বারবার অভিযোগ করার পরও রামপুরার জলাবদ্ধতা সমস্যার কোনো সমাধান হয়নি।,waterlogging_recurring
272,বারবার অভিযোগ করার পরও মোহাম্মদপুরর জলাবদ্ধতা সমস্যার কোনো সমাধান হয়নি।,waterlogging_recurring
273,কল্যাণপুরতে রাস্তার পাশে অবৈধভাবে ময়লা ফেলে ড্রেন নষ্ট করা হচ্ছে।,other
274,পল্টনর ড্রেনেজ ম্যাপ বা নকশা সম্পর্কে তথ্য জানতে চাই।,other
275,রামপুরাতে রাস্তার পাশে অবৈধভাবে ময়লা ফেলে ড্রেন নষ্ট করা হচ্ছে।,other
276,"খিলগাঁওতে ড্রেন সম্পূর্ণ বন্ধ হয়ে আছে, পানি বের হচ্ছে না।",blocked_drain
277,"রাস্তার মাঝখানে খোলা ম্যানহোল, রাতে দেখা যায় না, বিপজ্জনক।",open_manhole
278,"নিউমার্কেটতে নর্দমা বন্ধ, ।",blocked_drain
279,তেজগাঁওতে ড্রেনেজ ব্যবস্থার স্থায়ী সংস্কার ছাড়া সমস্যা কমছে না।,waterlogging_recurring
280,"মিরপুর ১র মোড়ে ম্যানহোলের ঢাকনা নেই, দ্রুত মেরামত দরকার।",open_manhole
281,"কাজীপাড়ার নর্দমার নোংরা পানি মূল সড়কে চলে এসেছে, স্বাস্থ্য ঝুঁকি তৈরি করছে।",sewage_overflow
282,আমাদের এলাকার ড্রেনেজ লাইনে প্লাস্টিক ও আবর্জনা জমে ব্লক হয়ে গেছে।,blocked_drain
283,"বাসার সামনের রাস্তায় স্যুয়ারেজের পানি জমে আছে, বাড্ডা।",sewage_overflow
284,নতুন রাস্তা নির্মাণের সময় ড্রেন ব্যবস্থা ঠিকমতো করা হয়নি মোহাম্মদপুরতে।,other
285,"বনানীর অলিগলি সব পানির নিচে, স্কুলে যাওয়া যাচ্ছে না।",road_flooding
286,"মগবাজারর অলিগলি সব পানির নিচে, স্কুলে যাওয়া যাচ্ছে না।",road_flooding
287,ম্যানহোল খোলা থাকায় রামপুরায় দুর্গন্ধ ও দুর্ঘটনার ঝুঁকি বেড়েছে।,open_manhole
288,"ধানমন্ডি ২৭তে ড্রেন সম্পূর্ণ বন্ধ হয়ে আছে, পানি বের হচ্ছে না।",blocked_drain
289,"কাজীপাড়াতে সামান্য বৃষ্টিতেই রাস্তা ডুবে যায়, মারাত্মক সমস্যা হয়ে দাঁড়িয়েছে।",road_flooding
290,"কল্যাণপুরতে নর্দমা বন্ধ, ।",blocked_drain
291,পল্টনতে স্যুয়ারেজ লাইন উপচে রাস্তায় নোংরা পানি চলে এসেছে।,sewage_overflow
292,গত তিন দিন ধরে মোহাম্মদপুরতে রাস্তা খোঁড়াখুঁড়ির পর মেরামত না করায় সমস্যা হচ্ছে।,other
293,গত কয়েক বছর ধরে গুলশান ২র এই পয়েন্টে পানি জমার সমস্যা চলছে।,waterlogging_recurring
294,"রাস্তার মাঝখানে খোলা ম্যানহোল, রাতে দেখা যায় না, বিপজ্জনক।",open_manhole
295,"বাড্ডার নর্দমার নোংরা পানি মূল সড়কে চলে এসেছে, স্বাস্থ্য ঝুঁকি তৈরি করছে।",sewage_overflow
296,"খিলগাঁওর অলিগলি সব পানির নিচে, স্কুলে যাওয়া যাচ্ছে না।",road_flooding
297,বৃষ্টির পর থেকে নিউমার্কেটতে রাস্তা খোঁড়াখুঁড়ির পর মেরামত না করায় সমস্যা হচ্ছে।,other
298,বারবার অভিযোগ করার পরও মহাখালীর জলাবদ্ধতা সমস্যার কোনো সমাধান হয়নি।,waterlogging_recurring
299,কাজীপাড়ার ড্রেনেজ ম্যাপ বা নকশা সম্পর্কে তথ্য জানতে চাই।,other
300,সড়কে জলাবদ্ধতার কারণে কাজীপাড়ায় দোকানপাটে পানি ঢুকে গেছে।,road_flooding
301,ড্রেন পরিষ্কার না করায় ধানমন্ডি ২৭য় পানি জমে থাকছে।,blocked_drain
302,"কয়েক ঘণ্টা ধরে মিরপুর ১০র রাস্তায় ম্যানহোলের কভার ভাঙা, অবস্থা ভয়াবহ।",open_manhole
303,স্যুয়ারেজের পানি রাস্তায় উঠে আসায় ওয়ারীয় দুর্গন্ধ ছড়াচ্ছে।,sewage_overflow
304,ম্যানহোল খোলা থাকায় মোহাম্মদপুরয় দুর্গন্ধ ও দুর্ঘটনার ঝুঁকি বেড়েছে।,open_manhole
305,"গত বর্ষা মৌসুম থেকে বাড্ডার রাস্তায় ম্যানহোলের কভার ভাঙা, খুবই খারাপ অবস্থা।",open_manhole
306,গত তিন দিন ধরে শান্তিনগরর ম্যানহোল দিয়ে ময়লা পানি উপচে পড়ছে।,sewage_overflow
307,"খিলগাঁওর নর্দমার নোংরা পানি মূল সড়কে চলে এসেছে, স্বাস্থ্য ঝুঁকি তৈরি করছে।",sewage_overflow
308,"লালবাগতে নর্দমা বন্ধ, সমস্যাটি জরুরি ভিত্তিতে সমাধান দরকার।",blocked_drain
309,"প্রতি মৌসুমে মালিবাগর একই রাস্তায় জলাবদ্ধতা দেখা দেয়, সমস্যাটি জরুরি ভিত্তিতে সমাধান দরকার।",waterlogging_recurring
310,রাস্তায় পানি জমে যানবাহন চলাচল বন্ধ হয়ে গেছে নিউমার্কেটতে।,road_flooding
311,এলাকাবাসীর পক্ষ থেকে বনানীর ড্রেনেজ ব্যবস্থা নিয়ে একটি সাধারণ মতামত।,other
312,"বাড্ডার অলিগলি সব পানির নিচে, স্কুলে যাওয়া যাচ্ছে না।",road_flooding
313,আমাদের এলাকার ড্রেনেজ লাইনে প্লাস্টিক ও আবর্জনা জমে ব্লক হয়ে গেছে।,blocked_drain
314,"লালবাগতে প্রতি বছর বর্ষায় একই জায়গায় পানি জমে, স্থায়ী সমাধান দরকার।",waterlogging_recurring
315,"প্রতি মৌসুমে মগবাজারর একই রাস্তায় জলাবদ্ধতা দেখা দেয়, খুবই খারাপ অবস্থা।",waterlogging_recurring
316,নিউমার্কেটতে ড্রেনেজ ব্যবস্থার স্থায়ী সংস্কার ছাড়া সমস্যা কমছে না।,waterlogging_recurring
317,"কাজীপাড়াতে একটি ম্যানহোলের ঢাকনা খোলা অবস্থায় পড়ে আছে, দুর্ঘটনার আশঙ্কা।",open_manhole
318,রাস্তায় পানি জমে যানবাহন চলাচল বন্ধ হয়ে গেছে মালিবাগতে।,road_flooding
319,এলাকাবাসীর পক্ষ থেকে মিরপুর ১র ড্রেনেজ ব্যবস্থা নিয়ে একটি সাধারণ মতামত।,other
320,"মোহাম্মদপুরর নর্দমার নোংরা পানি মূল সড়কে চলে এসেছে, স্বাস্থ্য ঝুঁকি তৈরি করছে।",sewage_overflow
321,ওয়ারীর ড্রেনেজ ম্যাপ বা নকশা সম্পর্কে তথ্য জানতে চাই।,other
322,"উত্তরা সেক্টর ৭তে ড্রেন সম্পূর্ণ বন্ধ হয়ে আছে, পানি বের হচ্ছে না।",blocked_drain
323,"আগারগাঁওর নর্দমার নোংরা পানি মূল সড়কে চলে এসেছে, স্বাস্থ্য ঝুঁকি তৈরি করছে।",sewage_overflow
324,"রাস্তার মাঝখানে খোলা ম্যানহোল, রাতে দেখা যায় না, বিপজ্জনক।",open_manhole
325,নিউমার্কেটতে ড্রেনেজ ব্যবস্থার স্থায়ী সংস্কার ছাড়া সমস্যা কমছে না।,waterlogging_recurring
326,"নিউমার্কেটতে নর্দমা বন্ধ, ।",blocked_drain
327,"শ্যামলীতে প্রতি বছর বর্ষায় একই জায়গায় পানি জমে, স্থায়ী সমাধান দরকার।",waterlogging_recurring
328,ড্রেন পরিষ্কার না করায় বনানীয় পানি জমে থাকছে।,blocked_drain
329,"উত্তরা সেক্টর ৭তে ড্রেন সম্পূর্ণ বন্ধ হয়ে আছে, পানি বের হচ্ছে না।",blocked_drain
330,"নিউমার্কেটতে নর্দমা বন্ধ, মারাত্মক সমস্যা হয়ে দাঁড়িয়েছে।",blocked_drain
331,"কাজীপাড়াতে ড্রেন সম্পূর্ণ বন্ধ হয়ে আছে, পানি বের হচ্ছে না।",blocked_drain
332,"শান্তিনগরতে পয়ঃনিষ্কাশন লাইন ফেটে ময়লা পানি জমে গেছে, অবস্থা ভয়াবহ।",sewage_overflow
333,ম্যানহোল খোলা থাকায় মোহাম্মদপুরয় দুর্গন্ধ ও দুর্ঘটনার ঝুঁকি বেড়েছে।,open_manhole
334,গত কয়েক বছর ধরে মিরপুর ১র এই পয়েন্টে পানি জমার সমস্যা চলছে।,waterlogging_recurring
335,"গত এক সপ্তাহ ধরে বাড্ডাতে জলাবদ্ধতা দেখা দিয়েছে, অবস্থা ভয়াবহ।",road_flooding
336,লালবাগর ড্রেনেজ ম্যাপ বা নকশা সম্পর্কে তথ্য জানতে চাই।,other
337,"ওয়ারীতে প্রতি বছর বর্ষায় একই জায়গায় পানি জমে, স্থায়ী সমাধান দরকার।",waterlogging_recurring
338,সড়কে জলাবদ্ধতার কারণে মিরপুর ১য় দোকানপাটে পানি ঢুকে গেছে।,road_flooding
339,"পল্টনতে নর্দমা বন্ধ, মারাত্মক সমস্যা হয়ে দাঁড়িয়েছে।",blocked_drain
340,"প্রতি মৌসুমে ওয়ারীর একই রাস্তায় জলাবদ্ধতা দেখা দেয়, খুবই খারাপ অবস্থা।",waterlogging_recurring
341,"প্রতি মৌসুমে ওয়ারীর একই রাস্তায় জলাবদ্ধতা দেখা দেয়, অবস্থা ভয়াবহ।",waterlogging_recurring
342,আজ সকাল থেকে মহাখালীতে রাস্তা খোঁড়াখুঁড়ির পর মেরামত না করায় সমস্যা হচ্ছে।,other
343,গতকাল রাত থেকে নিউমার্কেটর প্রধান সড়কে হাঁটু পানি জমে গেছে।,road_flooding
344,বারবার অভিযোগ করার পরও মিরপুর ১র জলাবদ্ধতা সমস্যার কোনো সমাধান হয়নি।,waterlogging_recurring
345,"রাস্তার মাঝখানে খোলা ম্যানহোল, রাতে দেখা যায় না, বিপজ্জনক।",open_manhole
346,মোহাম্মদপুরতে ড্রেনেজ ব্যবস্থার স্থায়ী সংস্কার ছাড়া সমস্যা কমছে না।,waterlogging_recurring
347,নতুন রাস্তা নির্মাণের সময় ড্রেন ব্যবস্থা ঠিকমতো করা হয়নি পল্টনতে।,other
348,"মিরপুর ১র মোড়ে ম্যানহোলের ঢাকনা নেই, দ্রুত মেরামত দরকার।",open_manhole
349,স্যুয়ারেজের পানি রাস্তায় উঠে আসায় পল্টনয় দুর্গন্ধ ছড়াচ্ছে।,sewage_overflow
350,এলাকাবাসীর পক্ষ থেকে উত্তরা সেক্টর ৭র ড্রেনেজ ব্যবস্থা নিয়ে একটি সাধারণ মতামত।,other
351,মালিবাগর ড্রেনেজ ম্যাপ বা নকশা সম্পর্কে তথ্য জানতে চাই।,other
352,"যাত্রাবাড়ীতে নর্দমা বন্ধ, মারাত্মক সমস্যা হয়ে দাঁড়িয়েছে।",blocked_drain
353,বৃষ্টির পর থেকে শ্যামলীয় ড্রেন আটকে থাকায় দুর্গন্ধ ছড়াচ্ছে।,blocked_drain
354,"শান্তিনগরতে প্রতি বছর বর্ষায় একই জায়গায় পানি জমে, স্থায়ী সমাধান দরকার।",waterlogging_recurring
355,নতুন রাস্তা নির্মাণের সময় ড্রেন ব্যবস্থা ঠিকমতো করা হয়নি পল্টনতে।,other
356,"মগবাজারতে পয়ঃনিষ্কাশন লাইন ফেটে ময়লা পানি জমে গেছে, খুবই খারাপ অবস্থা।",sewage_overflow
357,গত কয়েক বছর ধরে গুলশান ২র এই পয়েন্টে পানি জমার সমস্যা চলছে।,waterlogging_recurring
358,"শান্তিনগরতে সামান্য বৃষ্টিতেই রাস্তা ডুবে যায়, খুবই খারাপ অবস্থা।",road_flooding
359,"রামপুরার নর্দমার নোংরা পানি মূল সড়কে চলে এসেছে, স্বাস্থ্য ঝুঁকি তৈরি করছে।",sewage_overflow
360,মিরপুর ১০র ড্রেনেজ ম্যাপ বা নকশা সম্পর্কে তথ্য জানতে চাই।,other
